benchmark,r2_delta_i,n_basins
xi_star_phase_randomized_components,0.1921387589464807,39
xi_star_shuffle_joint,0.15858815942996485,39
xi_star_block_shuffle_joint,0.027885801996926918,39
xi_star_ar1_q_only,0.002047271287396346,39
rho1,0.3304479550627345,39
acf_mean,0.5184164768414914,39
entropy_rate_proxy,0.006087216004539098,39
aridity,0.11932660105091009,39
seasonality,0.0016614452013216097,39
frac_snow,0.27007116754647953,39
