held_out_source_family,test_basins,test_r2_xi_star,test_r2_acf_mean,holdout_status
camels,8,0.016238214437459098,0.0003744415647324306,evaluated
camelsbr,8,0.24720458033343307,0.6210799332954359,evaluated
camelscl,8,0.7212550548898138,0.37045180442892056,evaluated
hysets,7,0.0053710275532588,0.11059548671557518,evaluated
lamah,8,0.032417654955289255,0.07370582192334463,evaluated
